{
  "commits" : [
    {
      "name" : "spirv-tools",
      "site" : "github",
      "subrepo" : "KhronosGroup/SPIRV-Tools",
      "subdir" : "External/spirv-tools",
      "commit" : "d01a3c3b4b76e942e1c22adca5a9713197dde901"
    },
    {
      "name" : "spirv-tools/external/spirv-headers",
      "site" : "github",
      "subrepo" : "KhronosGroup/SPIRV-Headers",
      "subdir" : "External/spirv-tools/external/spirv-headers",
      "commit" : "8b911bd2ba37677037b38c9bd286c7c05701bcda"
    }
  ]
}
